-0.046489540487528,0.08728115260601,0.030195649713278,0.071735173463821,0.01490571256727,0.086866699159145,0.085880279541016,-0.029899338260293,0.15290862321854,0.12109324336052,0.10505153983831,-0.10811574757099,0.0026544081047177,0.036168001592159,0.093240328133106,-0.01609637401998,0.014048670418561,0.20522959530354,-0.10277887433767,-0.076864197850227,0.06986515969038,-0.09587998688221,-0.016791895031929,0.058600515127182,0.098695687949657,-0.16946491599083,-0.17336519062519,0.017927369102836,0.10220558941364,0.014399761334062,0.17969620227814,0.069343917071819,-0.036288093775511,0.0015652574365959,0.092193014919758,0.08821876347065,-0.10970526188612,0.010967078618705,-0.05934402346611,-0.10518915951252,-0.0055732144974172,0.015524115413427,-0.08050524443388,0.056427676230669,-0.0079682804644108,-0.19348719716072,-0.11137846112251,0.11700091511011,0.049058940261602,-0.099268406629562,-0.031571999192238,0.059376928955317,-0.042078595608473,-0.15319243073463,-0.061041574925184,0.095504827797413,-0.12555430829525,0.068909995257854,0.004844855517149,-0.042817987501621,-0.15071867406368,-0.020580645650625,0.079551197588444,-0.09137774258852,0.057805698364973,0.14918532967567,-0.0076154205016792,-0.04176976904273,-0.17380765080452,0.15187555551529,0.065392464399338,0.086511351168156,0.030001414939761,-0.027327314019203,-0.13841995596886,-0.13866387307644,0.030555898323655,-0.05062361061573,-0.037106107920408,-0.13691206276417,-0.033529877662659,0.032222885638475,-0.062254086136818,-0.093357563018799,-0.017264317721128,-0.054114405065775,-0.039222292602062,-0.022237084805965,0.092113882303238,0.055777505040169,0.063080377876759,-0.041994169354439,-0.0078307753428817,-0.09645314514637,0.11853098869324,-0.016645206138492,-0.11779899895191,-0.024217840284109,-0.066407598555088,0.099168993532658,0.090355165302753,-0.0017576026730239,0.003259235760197,-0.12668599188328,0.034366380423307,0.11835480481386,0.078938789665699,-0.18218033015728,0.22525863349438,0.012377054430544,-0.06045214086771,0.065250180661678,-0.019415181130171,0.029373206198215,0.15177670121193,-0.042534288018942,0.094625696539879,0.036139883100986,0.12300769984722,0.059532396495342,0.046515323221684,-0.10663048177958,-0.027788195759058,0.089303709566593,0.0051916898228228,0.044844280928373,0.089492335915565,0.012552929110825
-0.06286646425724,0.059494618326426,-0.026262378320098,0.069763913750648,0.023529278114438,0.1235319301486,0.089267134666443,-0.035196159034967,0.070503912866116,0.17993679642677,0.085638381540775,-0.068497970700264,0.020575987175107,0.055227421224117,0.10415464639664,-0.0058154864236712,0.017512975260615,0.1667797267437,-0.027534300461411,-0.073486939072609,0.019015152007341,-0.16760286688805,-0.013300096616149,0.04526886716485,0.10204359143972,-0.12514869868755,-0.15321885049343,-0.024760417640209,0.037416785955429,0.0020896727219224,0.1564239859581,0.099739916622639,-0.049614883959293,0.008163221180439,0.047001343220472,0.13748222589493,-0.12267851084471,-0.043068632483482,-0.051455359905958,-0.10062946379185,0.011363375931978,-0.041028272360563,-0.061529140919447,0.016560388728976,-0.0047007650136948,-0.12588404119015,-0.068842194974422,0.10652027279139,-0.01927705667913,-0.12932115793228,-0.025085940957069,0.0047444812953472,-0.037857960909605,-0.16449171304703,-0.033205099403858,0.13600881397724,-0.13874298334122,0.10729984939098,0.0041359029710293,0.020986501127481,-0.12851125001907,0.021106917411089,0.093641117215157,-0.16366492211819,0.13616122305393,0.18672345578671,-0.045973461121321,0.0095918830484152,-0.17935641109943,0.15441386401653,0.0427002646029,0.13310980796814,-0.023219445720315,-0.039923004806042,-0.10769653320312,-0.06506435573101,0.071172401309013,-0.013889227993786,-0.033200576901436,-0.16975943744183,-0.10144873708487,-0.019201440736651,-0.08221548050642,-0.09722113609314,-0.12501832842827,-0.022369565442204,-0.012296442873776,-0.042500622570515,0.085393249988556,0.045967936515808,0.046997286379337,-0.03306395560503,0.033205427229404,-0.068106628954411,0.10473598539829,0.039099618792534,-0.08284567296505,-0.046365361660719,-0.021896870806813,0.10411943495274,0.075756438076496,-0.027427118271589,-0.044408481568098,-0.1380450874567,0.046543773263693,0.15277008712292,0.026143839582801,-0.16926708817482,0.11018743366003,0.0090421345084906,-0.09423516690731,0.066303946077824,0.04536122456193,-0.042849063873291,0.16562052071095,-0.044482175260782,0.065762646496296,0.0441919490695,0.1375969350338,0.096545748412609,0.051660023629665,-0.16170489788055,-0.014357815496624,0.096461772918701,-0.0010152256581932,0.10357626527548,0.0341338776052,-0.008526723831892
-0.07667937874794,0.091738648712635,0.036190632730722,0.062724344432354,-0.022260865196586,0.058895099908113,0.085466518998146,-0.0063985930755734,0.21147532761097,0.090499110519886,0.097365148365498,-0.10521286725998,0.0082567967474461,0.0015121508622542,0.081283703446388,-0.041658490896225,-0.021324438974261,0.099216140806675,-0.086716786026955,-0.035436417907476,0.06764318048954,-0.10866826027632,-0.06519453972578,0.088589064776897,0.069830611348152,-0.11212462931871,-0.16867442429066,-0.012820076197386,0.15691213309765,0.0058665168471634,0.21183241903782,0.048393070697784,0.0023759752511978,-0.026006842032075,0.080769434571266,0.097221754491329,-0.058137159794569,0.076113775372505,-0.067497074604034,-0.1156960055232,0.022297859191895,-0.0052471798844635,-0.10921043902636,0.058241419494152,0.019380522891879,-0.18301746249199,-0.085981972515583,0.10058026015759,0.05851273983717,-0.13630998134613,-0.1394198089838,0.070036478340626,0.017633825540543,-0.14726050198078,-0.0078479228541255,0.10604575276375,-0.17002022266388,0.079796969890594,-0.047611590474844,-0.096657618880272,-0.18197429180145,-0.050361003726721,0.11876282840967,-0.080553717911243,0.03650188818574,0.18267248570919,0.052064120769501,-0.079541653394699,-0.14134535193443,0.049967024475336,0.029695883393288,0.038403064012527,0.0011412120657042,0.0021205253433436,-0.047264751046896,-0.14178644120693,0.015978986397386,-0.01503621134907,0.011778741143644,-0.079005844891071,-0.041592322289944,0.039509542286396,-0.068748809397221,-0.088166765868664,0.057047884911299,-0.072259970009327,-0.025382831692696,0.030231168493629,0.11082131415606,0.036768432706594,0.094345673918724,-0.039497073739767,0.0071410345844924,-0.064573176205158,0.10231350362301,-0.052488785237074,-0.089020773768425,-0.043018035590649,-0.031919859349728,0.080909438431263,0.068319909274578,-0.039585966616869,-0.017466932535172,-0.14054968953133,-0.03590615093708,0.15820275247097,0.10977421700954,-0.18120834231377,0.23946717381477,0.0061328196898103,-0.039034400135279,0.074572578072548,-0.06920862942934,-0.0037848593201488,0.16184915602207,-0.021923460066319,0.048788882791996,-0.012500923126936,0.11654851585627,0.043942667543888,0.034537978470325,-0.085074543952942,-0.035290695726871,0.096486575901508,-0.03194971755147,0.079240322113037,0.086123839020729,0.018174320459366
-0.022765761241317,0.088539622724056,0.019636264070868,0.069536902010441,0.026032125577331,0.066315613687038,0.087563686072826,-0.043415233492851,0.14281545579433,0.11750504374504,0.092452354729176,-0.10792610049248,0.02441088296473,0.031118512153625,0.075250096619129,0.0071471822448075,0.030486235395074,0.17715924978256,-0.12451458722353,-0.026471009477973,0.072402343153954,-0.11739718914032,-0.036991335451603,0.046758327633142,0.076910272240639,-0.13707795739174,-0.20336753129959,0.016982419416308,0.10694830864668,0.023088973015547,0.16776096820831,0.13409927487373,-0.04259405657649,0.020254721865058,0.094829395413399,0.10361462831497,-0.08204910159111,0.053028583526611,-0.044245984405279,-0.15823805332184,-0.017470635473728,-0.0027817483060062,-0.061874110251665,0.025404911488295,0.032405599951744,-0.14411051571369,-0.097042307257652,0.14628635346889,0.016135705634952,-0.091911852359772,-0.066025584936142,0.071036793291569,-0.034489586949348,-0.14724850654602,-0.020426684990525,0.066032141447067,-0.14944405853748,0.048897914588451,-0.015910817310214,-0.065088890492916,-0.13345220685005,-0.015085455961525,0.086013272404671,-0.093355372548103,0.046342603862286,0.17236433923244,-0.018171677365899,-0.011584490537643,-0.17194883525372,0.12244400382042,0.050330210477114,0.059851422905922,0.010246288962662,-0.013303395360708,-0.14020894467831,-0.14247444272041,0.059328556060791,-0.039522536098957,-0.0060570244677365,-0.13084378838539,-0.020144559442997,0.041130352765322,-0.099066980183125,-0.12249118834734,-0.007452426943928,-0.069815129041672,-0.060245610773563,0.0032053980976343,0.1259132027626,0.089815117418766,0.10268528014421,-0.036060951650143,-0.011446432210505,-0.062166437506676,0.10363250225782,0.0055389548651874,-0.086530663073063,-0.027550367638469,-0.054115157574415,0.067178778350353,0.10532934963703,-0.0087443105876446,-0.029034994542599,-0.11829749494791,0.0139867560938,0.13007773458958,0.067198909819126,-0.16130086779594,0.2470471560955,0.01981258392334,-0.066222093999386,0.08659690618515,-0.053679078817368,0.033620148897171,0.17891429364681,-0.05395196378231,0.069707900285721,0.010606533847749,0.11358255147934,0.058321554213762,0.036725737154484,-0.067135736346245,0.020040392875671,0.11659286171198,-0.00031936925370246,0.033633127808571,0.11243712902069,-0.039337832480669
-0.033998295664787,0.11090745031834,0.021308233961463,0.062893696129322,0.02330332621932,0.088556028902531,0.078096352517605,-0.061626598238945,0.13750812411308,0.10901664197445,0.086778201162815,-0.096289277076721,0.031038908287883,0.053639858961105,0.059160731732845,-0.0078456588089466,0.02576794102788,0.18679010868073,-0.11546804010868,-0.058042965829372,0.10659058392048,-0.12185995280743,-0.063054114580154,0.12757514417171,0.10262569785118,-0.159125238657,-0.18360191583633,0.021164359524846,0.10829617083073,0.073704108595848,0.17085307836533,0.099849447607994,-0.061415959149599,0.03381160646677,0.0733338072896,0.10834918916225,-0.10655824840069,-0.0088564530014992,-0.054611075669527,-0.12894715368748,-0.022648910060525,-0.010132906958461,-0.033572863787413,0.047769945114851,0.063009887933731,-0.1574732363224,-0.070508822798729,0.14229190349579,0.0069009158760309,-0.098674811422825,-0.023268131539226,0.055043715983629,-0.026166528463364,-0.16503942012787,0.0018866270547733,0.11586333811283,-0.16300834715366,0.11198052763939,0.012963598594069,-0.081893712282181,-0.11369740217924,0.0090639693662524,0.092052094638348,-0.095185466110706,0.028444906696677,0.15231317281723,-0.018787153065205,-0.035299222916365,-0.1926457285881,0.15206755697727,0.03385791555047,0.07214467972517,-0.010889220051467,-0.043671667575836,-0.13288688659668,-0.11878532916307,0.070704631507397,-0.017334913834929,-0.0093499245122075,-0.11915671825409,-0.024111511185765,0.058035589754581,-0.08010271191597,-0.11030664294958,-0.032420061528683,-0.067398004233837,-0.048558797687292,-0.032512065023184,0.11178331822157,0.097722098231316,0.07662245631218,-0.058174837380648,0.0040926495566964,-0.073168814182281,0.10152667760849,0.025290599092841,-0.11310199648142,-0.022113651037216,-0.030256256461143,0.069359667599201,0.11926575750113,0.01426712051034,-0.030216187238693,-0.088051274418831,-0.013061600737274,0.13133576512337,0.016372045502067,-0.17198696732521,0.18467324972153,0.0056349551305175,-0.040956668555737,0.077881053090096,-0.064521066844463,0.021960640326142,0.15626128017902,-0.019426772370934,0.077593132853508,0.010234517045319,0.10104767233133,0.085238322615623,0.052033163607121,-0.082016445696354,-0.015271378681064,0.089761905372143,-0.049534656107426,0.0720494389534,0.07651698589325,-0.035112053155899
-0.080639734864235,0.12880535423756,0.012483196333051,0.030458549037576,-0.0028283940628171,0.057402923703194,0.10067976266146,-0.055134478956461,0.093996696174145,0.099618151783943,0.059050280600786,-0.086679540574551,0.050452552735806,0.0758266299963,0.014284470118582,-0.016736727207899,0.023598382249475,0.16440886259079,-0.082566410303116,-0.050390351563692,0.1271508783102,-0.1387692540884,-0.085885778069496,0.10295052826405,0.041424077004194,-0.095497570931911,-0.21479764580727,-0.0097607355564833,0.16969799995422,0.09752231836319,0.13057638704777,0.088439382612705,-0.034339487552643,-0.026704953983426,0.084554269909859,0.10022129118443,-0.10278789699078,0.058385197073221,-0.083408117294312,-0.12444085627794,-0.050786625593901,0.035319950431585,-0.031640570610762,0.081985108554363,0.057896882295609,-0.095189146697521,0.0033296435140073,0.085460640490055,-0.053434520959854,-0.16362473368645,-0.087753042578697,0.038134682923555,-0.017355030402541,-0.14953722059727,0.025268753990531,0.14693628251553,-0.1583639383316,0.16174331307411,0.0074029508978128,-0.10115991532803,-0.097355768084526,0.026788350194693,0.13039655983448,-0.075178876519203,0.082346193492413,0.14245609939098,-0.0056370105594397,-0.075010530650616,-0.16814267635345,0.10261410474777,0.052598882466555,0.024951368570328,0.0065221334807575,-0.036959655582905,-0.10840850323439,-0.078938558697701,0.025214448571205,0.0034333537332714,0.016289548948407,-0.18088957667351,-0.053273573517799,0.088004402816296,-0.12017103284597,-0.10300053656101,-0.030202513560653,-0.078486710786819,-0.04147494584322,-0.040548961609602,0.10544086247683,0.080239363014698,0.079164959490299,-0.060340259224176,0.0079452358186245,-0.099258229136467,0.13387477397919,0.0133685041219,-0.062920331954956,0.020799042657018,-0.019292259588838,0.10422187298536,0.078808195888996,0.033058874309063,-0.018044017255306,-0.095516756176949,-0.099500805139542,0.1583009660244,0.025963507592678,-0.15129233896732,0.18502353131771,-0.027688322588801,-0.020542219281197,0.044113524258137,-0.096472337841988,-0.027087021619081,0.14980959892273,0.012181382626295,0.050972521305084,-0.062753841280937,0.09239686280489,0.045811608433723,0.009230874478817,-0.09286218136549,-0.03064395301044,0.067121252417564,-0.078977830708027,0.11481890827417,0.040985304862261,-0.050512548536062
-0.0439383238554,0.1137658059597,0.052894238382578,0.073400311172009,0.031886655837297,0.10544261336327,0.052204057574272,-0.079547300934792,0.1443175971508,0.11104642599821,0.10658456385136,-0.061993092298508,-0.018456269055605,0.023405199870467,0.070836342871189,-0.024164078757167,0.0095511879771948,0.21790954470634,-0.1109239384532,-0.079242363572121,0.065741419792175,-0.077563047409058,-0.058850836008787,0.080852292478085,0.11471254378557,-0.14699883759022,-0.15961930155754,0.052564177662134,0.0573745444417,0.032086163759232,0.16656079888344,0.083547823131084,-0.047897297888994,0.052887197583914,0.094305709004402,0.10847420990467,-0.082170762121677,-0.049193304032087,-0.0077985217794776,-0.10550020635128,0.013832530938089,-0.007736511528492,-0.015876976773143,0.010427602566779,0.030112072825432,-0.19787748157978,-0.080300681293011,0.11659939587116,0.013655658811331,-0.071429662406445,-0.0051487097516656,0.047800809144974,-0.053113803267479,-0.12853965163231,-0.027768790721893,0.1136167049408,-0.16238453984261,0.071127228438854,-0.044696722179651,-0.034732859581709,-0.12301340699196,-0.0038511860184371,0.090390369296074,-0.11526448279619,0.051628466695547,0.15316492319107,-0.020129045471549,-0.036241259425879,-0.20379264652729,0.19328527152538,0.057152677327394,0.08405639976263,0.011293055489659,-0.016161292791367,-0.13187868893147,-0.12374247610569,0.05863007158041,-0.047811429947615,-0.038156840950251,-0.16312974691391,-0.042323708534241,0.087701521813869,-0.036989815533161,-0.076778426766396,-0.054760459810495,-0.052568379789591,-0.037923492491245,-0.02285173162818,0.10397715866566,0.10436105728149,0.070520408451557,-0.076808698475361,0.019292673096061,-0.052192781120539,0.10612923651934,0.0094591239467263,-0.13581669330597,-0.045081507414579,-0.055480722337961,0.086835362017155,0.077278964221478,-0.004123761318624,-0.044855661690235,-0.10148128122091,0.069054000079632,0.13989931344986,0.05544152110815,-0.18665029108524,0.13758911192417,0.024958906695247,-0.06056159734726,0.052413415163755,-0.019855711609125,0.059139311313629,0.15233950316906,-0.076220609247684,0.092269480228424,0.032939720898867,0.12774874269962,0.064336709678173,0.092404939234257,-0.081962704658508,-0.0017817944753915,0.074987880885601,0.016165129840374,0.053382989019156,0.11509870737791,-0.019769031554461
-0.024534290656447,0.082053408026695,0.027707563713193,0.09581433236599,0.023668931797147,0.08407448977232,0.065130494534969,-0.070816107094288,0.12895613908768,0.076735287904739,0.075813472270966,-0.096580080688,0.030496697872877,0.041860200464725,0.046338461339474,0.025021869689226,0.031280573457479,0.17896422743797,-0.11269545555115,-0.046249866485596,0.14468184113503,-0.14478114247322,-0.060322813689709,0.11749006062746,0.11914664506912,-0.14852249622345,-0.20621095597744,-0.01498628873378,0.086826637387276,0.080014914274216,0.17656402289867,0.1431277692318,-0.056702647358179,0.039820466190577,0.08082028478384,0.1135548055172,-0.10714372992516,-0.0044177677482367,-0.048816286027431,-0.17213499546051,-0.022301569581032,-0.018468365073204,-0.014419852755964,0.031993366777897,0.092817306518555,-0.13641163706779,-0.049880515784025,0.11871552467346,-0.021615283563733,-0.1211298853159,-0.031651727855206,0.033318173140287,0.013675653375685,-0.1602398455143,0.020991060882807,0.10838957130909,-0.1501752436161,0.084707863628864,0.019749039784074,-0.10057737678289,-0.088469833135605,0.016041401773691,0.070229351520538,-0.09534478187561,0.041824463754892,0.17117743194103,-0.030052522197366,-0.027750225737691,-0.1767054349184,0.14111424982548,0.0188367664814,0.060184836387634,-0.029621606692672,-0.072696663439274,-0.14200554788113,-0.10975813865662,0.075387164950371,-0.016453659161925,-0.019435834139585,-0.09038382768631,-0.032881684601307,0.063904486596584,-0.1021319180727,-0.13556976616383,-0.039664637297392,-0.050562020391226,-0.056211300194263,-0.031520925462246,0.082462951540947,0.10124220699072,0.091846942901611,-0.043651752173901,-0.018816297873855,-0.057600386440754,0.08069870620966,0.064020797610283,-0.10038288682699,-0.0081169195473194,-0.02343463152647,0.060526959598064,0.13050970435143,-0.004841030575335,-0.038256417959929,-0.086448699235916,-0.0055091804824769,0.12672789394855,0.023041712120175,-0.14911895990372,0.17790772020817,0.00025052460841835,-0.076348192989826,0.073222480714321,-0.085006892681122,-0.016767058521509,0.187585324049,-0.017150057479739,0.044626474380493,-0.0066094156354666,0.097265660762787,0.080811373889446,0.045051742345095,-0.0521848089993,0.0042240670882165,0.08864326775074,-0.034795634448528,0.077158555388451,0.098936267197132,-0.049428135156631
-0.047217302024364,0.088041409850121,0.02548842318356,0.16001708805561,0.01539096981287,0.096264190971851,0.065539911389351,-0.061109442263842,0.1923161894083,0.054468967020512,0.10699502378702,-0.056411623954773,-0.02944247610867,0.015689976513386,0.071574956178665,0.0076335342600942,-0.0063424804247916,0.1338095664978,-0.1023180782795,-0.065503619611263,0.083494119346142,-0.14228816330433,-0.031938761472702,0.072991043329239,0.1655330657959,-0.18084841966629,-0.16965435445309,-0.0069825653918087,0.021005224436522,0.033107008785009,0.20383077859879,0.15074026584625,-0.015502854250371,0.056299701333046,0.026463288813829,0.11679791659117,-0.076667174696922,-0.029953250661492,-0.055122397840023,-0.10261745750904,0.073508590459824,-0.037077143788338,-0.01209332793951,-0.015138045884669,0.031339816749096,-0.19235819578171,-0.067229479551315,0.039485707879066,0.044931937009096,-0.095543138682842,-0.010669034905732,0.04485372826457,-0.0062772785313427,-0.12316946685314,0.017602939158678,0.11878991872072,-0.14386899769306,0.033176075667143,-0.0025807889178395,-0.039083961397409,-0.15899121761322,-0.03735451027751,0.042155895382166,-0.16033424437046,0.06614975631237,0.19994926452637,0.00091285619419068,-0.047101955860853,-0.17382684350014,0.17769853770733,0.026814162731171,0.112100712955,-0.014965835958719,-0.016198959201574,-0.064473032951355,-0.094953760504723,0.074749812483788,-0.03608363866806,-0.10759005695581,-0.087324731051922,-0.084639601409435,0.046731870621443,-0.032322533428669,-0.094222791492939,-0.049970384687185,0.017320789396763,-0.025386480614543,-0.034065749496222,0.032340165227652,0.052657160907984,0.054122049361467,-0.084600545465946,-0.015888782218099,-0.084975562989712,0.08171758800745,0.024661630392075,-0.11721727997065,-0.047994442284107,-0.0085146054625511,0.08528833091259,0.051874540746212,-0.060842391103506,-0.0070958007127047,-0.070081509649754,0.046520084142685,0.13334189355373,0.048384167253971,-0.11802653223276,0.11674080789089,-0.0065228370949626,-0.13328762352467,0.066479705274105,-0.041821151971817,-0.020623235031962,0.18090832233429,-0.073903486132622,0.080428086221218,0.022206855937839,0.16604799032211,0.10879170149565,0.099954515695572,-0.031079983338714,-0.0065883216448128,0.10809963196516,0.037847451865673,0.064945474267006,0.13310647010803,0.032986838370562
-0.048581589013338,0.084224693477154,0.076654843986034,0.13358706235886,0.012345368973911,0.09834785759449,0.09207234531641,-0.074809141457081,0.1564988642931,0.03964314609766,0.088322684168816,-0.065865196287632,-0.048323471099138,0.0037046754732728,0.070261970162392,-0.0046616541221738,-0.021940102800727,0.14714631438255,-0.10231847316027,-0.078899592161179,0.079751744866371,-0.092728316783905,-0.062763743102551,0.1178487688303,0.11871462315321,-0.14259372651577,-0.18866953253746,-0.0044753290712833,0.076751783490181,0.015333101153374,0.1953507065773,0.10380768030882,-0.066608794033527,0.029952447861433,0.078370921313763,0.11973402649164,-0.10526183992624,-0.028268510475755,-0.073159396648407,-0.091604836285114,0.053354885429144,0.013676257804036,-0.040076062083244,0.024538636207581,0.040004543960094,-0.16271707415581,-0.05577227845788,0.059414628893137,0.016206013038754,-0.10263565927744,-0.037964265793562,0.029792446643114,-0.0049948999658227,-0.15039904415607,0.02091477252543,0.12096205353737,-0.15962593257427,0.11449804902077,-0.0018381134141237,-0.034980680793524,-0.14905898272991,0.0084788184612989,0.086039885878563,-0.12350413948298,0.081012241542339,0.17109742760658,0.015048928558826,-0.099548541009426,-0.18827398121357,0.18683311343193,0.035597696900368,0.098405331373215,0.025691542774439,0.019797351211309,-0.090557746589184,-0.12249824404716,0.041771482676268,-0.025624714791775,-0.0647789016366,-0.12257015705109,-0.030530864372849,0.076455540955067,-0.063573092222214,-0.12733414769173,-0.041409961879253,-0.046177219599485,-0.028004420921206,-0.039176233112812,0.0093387831002474,0.075079925358295,0.10992179811001,-0.044242955744267,-0.012069347314537,-0.10445744544268,0.11876504123211,0.047949474304914,-0.087134540081024,-0.044702850282192,-0.0060241064056754,0.10528607666492,0.043588794767857,-0.027704717591405,-0.019754253327847,-0.111202865839,0.0049910051748157,0.1336150765419,0.069014146924019,-0.15944175422192,0.15015287697315,0.00916110817343,-0.05946434661746,0.080194346606731,-0.030281584709883,-0.030090529471636,0.18028855323792,-0.040588770061731,0.08538243919611,0.0071818367578089,0.12921965122223,0.069285124540329,0.078763946890831,-0.058584954589605,-0.0079807443544269,0.084100671112537,-0.0075142467394471,0.095965430140495,0.11134145408869,-0.008356336504221
-0.037731368094683,0.085338450968266,0.022223696112633,0.036691911518574,0.011026922613382,0.095015555620193,0.10807912051678,0.043693512678146,-0.061050824820995,0.15198956429958,0.066676497459412,-0.12439946830273,0.091943509876728,0.090635478496552,0.16849836707115,0.035786535590887,0.11392126232386,0.089089758694172,0.0075880838558078,-0.063396424055099,0.080237746238708,-0.15618278086185,-0.037186462432146,0.042622845619917,0.0818165615201,-0.072608016431332,-0.20831325650215,-0.056799042969942,0.13858367502689,0.010205597616732,0.14387780427933,0.1317707747221,-0.045062750577927,0.010097378864884,0.042025838047266,0.11717595905066,-0.059466160833836,0.047342870384455,-0.028615636751056,-0.11823835223913,-0.0063107227906585,0.0014767557149753,-0.010926697403193,0.011326983571053,0.030281761661172,-0.033503711223602,0.02363957837224,0.046802148222923,-0.13121247291565,-0.22925814986229,-0.068342991173267,-0.029290640726686,-0.022137213498354,-0.14736944437027,-0.025286911055446,0.13047447800636,-0.14234422147274,0.13994945585728,0.043575093150139,-0.037673067301512,-0.11514266580343,0.024707965552807,0.035730738192797,-0.17856433987617,0.15159977972507,0.23767694830894,-0.01355164218694,-0.009448055177927,-0.14909030497074,0.025261281058192,0.01639923080802,0.077899277210236,-0.045211963355541,-0.070148818194866,-0.047294575721025,-0.052376572042704,0.045735955238342,0.027299456298351,0.029432568699121,-0.12307762354612,-0.10027038305998,-0.027771545574069,-0.11085652559996,-0.13696514070034,-0.074481420218945,-0.030601350590587,-0.0086725121363997,-0.07053603976965,0.041130371391773,0.039010740816593,0.076687000691891,-0.0069740824401379,-0.016910273581743,-0.054599341005087,0.093085549771786,0.060473069548607,0.0079210214316845,0.025798024609685,-0.048774141818285,0.10130395740271,-0.0033003210555762,0.0008222857140936,-0.019057206809521,-0.065628759562969,-0.097063899040222,0.16876983642578,0.018794849514961,-0.096349954605103,0.17708472907543,-0.088948674499989,-0.092768996953964,0.04438091814518,-0.063379563391209,-0.093118607997894,0.20431812107563,-0.026683300733566,-0.01479902677238,-0.065907493233681,0.07076745480299,0.069458082318306,0.00074574479367584,-0.12829051911831,-0.011393945664167,0.13524074852467,0.0058910986408591,0.090550303459167,0.023603247478604,-0.058726102113724
-0.07002841681242,0.11044374853373,0.054480191320181,0.11459951102734,0.011911688372493,0.086957931518555,0.060894824564457,-0.075603239238262,0.20162089169025,0.064115971326828,0.085587203502655,-0.086108550429344,-0.041876822710037,-0.00025592939346097,0.064426407217979,-0.0015970149543136,-0.037628289312124,0.16470283269882,-0.12710325419903,-0.080197364091873,0.075571298599243,-0.11144631356001,-0.051372427493334,0.067045234143734,0.134117141366,-0.17070472240448,-0.18653185665607,0.015280229970813,0.048389762639999,0.018531505018473,0.20375894010067,0.099951952695847,-0.039574932307005,0.033235263079405,0.085742838680744,0.11607176065445,-0.094333134591579,-0.026342542842031,-0.058118440210819,-0.11390448361635,0.034644156694412,-0.01863370090723,-0.028616892173886,0.01590196788311,0.060026619583368,-0.16847577691078,-0.080163896083832,0.088511437177658,0.021631767973304,-0.090185582637787,-0.047262854874134,0.037499293684959,-0.0059965616092086,-0.15263563394547,-0.013640503399074,0.11113387346268,-0.1677378565073,0.051646243780851,-0.019013909623027,-0.052958969026804,-0.1355459690094,-0.0026347318198532,0.06868751347065,-0.10667365044355,0.058731283992529,0.1784792393446,-0.0060668871738017,-0.049396403133869,-0.17932868003845,0.1744254976511,0.051050592213869,0.089528739452362,0.014500002376735,-0.021402532234788,-0.10635784268379,-0.11514881998301,0.039920832961798,-0.048715483397245,-0.066561467945576,-0.12043526768684,-0.041845496743917,0.073572710156441,-0.069721348583698,-0.093010418117046,-0.052932247519493,-0.022222675383091,-0.048642538487911,-0.024855544790626,0.057006239891052,0.084048673510551,0.081391006708145,-0.06343998759985,-0.0030352789908648,-0.08738736063242,0.097047217190266,0.038316883146763,-0.1246427372098,-0.054132923483849,-0.027729898691177,0.089631378650665,0.073951579630375,-0.049714010208845,-0.031561743468046,-0.12699262797832,0.042582087218761,0.13153904676437,0.061216775327921,-0.15626598894596,0.1441091299057,0.029238402843475,-0.074861541390419,0.062909610569477,-0.037220142781734,0.00076509115751833,0.16615690290928,-0.060053512454033,0.064383774995804,0.040709178894758,0.14538845419884,0.067125134170055,0.083935163915157,-0.043140579015017,-0.0062966793775558,0.096453264355659,0.018855961039662,0.061284247785807,0.1173357591033,-0.010038429871202
-0.039232011884451,0.11350384354591,0.015420706942677,0.14490160346031,0.017925266176462,0.091101907193661,0.078331664204597,-0.083065323531628,0.15090817213058,0.088738434016705,0.10178013145924,-0.073069371283054,-0.021965604275465,0.030155753716826,0.062390651553869,-0.014412526041269,0.015354717150331,0.18210333585739,-0.077912017703056,-0.06062451004982,0.082823760807514,-0.14117702841759,-0.048255741596222,0.074415452778339,0.15175804495811,-0.1802696287632,-0.19064092636108,0.0055614341981709,0.048566721379757,0.064054504036903,0.17217375338078,0.12520082294941,-0.036416918039322,0.032061293721199,0.070426039397717,0.10816019773483,-0.094291873276234,-0.03903229534626,-0.054350610822439,-0.13638506829739,0.024345939978957,-0.01858458481729,-0.011151957325637,0.018897484987974,0.024968625977635,-0.16515941917896,-0.059362102299929,0.07724042981863,0.025336956605315,-0.096984542906284,0.0025685895234346,0.066032908856869,-0.018020886927843,-0.1429691016674,0.014201779849827,0.11334133893251,-0.15229284763336,0.048010557889938,0.010242701508105,-0.046458523720503,-0.12670697271824,-0.01764184422791,0.065860971808434,-0.14072072505951,0.073876455426216,0.17081953585148,-0.010760311037302,-0.063527442514896,-0.18747586011887,0.18248844146729,0.043101780116558,0.10355791449547,0.0036489774938673,-0.024638896808028,-0.12079847604036,-0.10492397844791,0.074073314666748,-0.030668590217829,-0.070625476539135,-0.12164656072855,-0.071787685155869,0.056374981999397,-0.06615936756134,-0.10075181722641,-0.040111053735018,-0.023181391879916,-0.054571188986301,-0.046141166239977,0.074606135487556,0.075450219213963,0.05696415156126,-0.065159566700459,-0.0073379226960242,-0.097252756357193,0.094889596104622,0.0026780464686453,-0.103032104671,-0.035686455667019,-0.019481107592583,0.074535049498081,0.079026892781258,-0.00116657523904,0.0048081097193062,-0.10434710234404,0.022681500762701,0.13941794633865,0.064426861703396,-0.1342416703701,0.1490368694067,0.024620028212667,-0.0886265411973,0.048044223338366,-0.04310991242528,-0.0076410514302552,0.16217891871929,-0.071015514433384,0.097951754927635,0.013115141540766,0.14731933176517,0.080315575003624,0.070506431162357,-0.057950962334871,-0.0074709439650178,0.096880316734314,0.024338323622942,0.066538490355015,0.1391668766737,0.0032067773863673
-0.070793010294437,0.081073015928268,0.01186877861619,0.063260689377785,0.014844976365566,0.12101507931948,0.040810626000166,-0.076400279998779,0.20580260455608,0.1047865524888,0.12161813676357,-0.067199438810349,-0.021182125434279,0.016954183578491,0.072984270751476,-0.012319301255047,-0.0571079403162,0.17864610254765,-0.11452505737543,-0.076857678592205,0.040734205394983,-0.068339936435223,0.0086371889337897,0.048686359077692,0.087140500545502,-0.15382961928844,-0.13255120813847,0.017068123444915,0.047152757644653,-0.0072419168427587,0.19466716051102,0.043132774531841,-0.026232628151774,0.015369863249362,0.079321004450321,0.13596419990063,-0.094034105539322,-0.015746289864182,-0.038122959434986,-0.039915423840284,0.014898509718478,-0.0051453695632517,-0.095223069190979,0.026904437690973,-0.018396547064185,-0.22382460534573,-0.11113326251507,0.12212841212749,0.085919417440891,-0.041423656046391,-0.03817693144083,0.048466991633177,-0.059020362794399,-0.12336332350969,-0.058377504348755,0.1032802015543,-0.11648282408714,0.061637155711651,-0.047381184995174,-0.005168033298105,-0.17425732314587,-0.021923411637545,0.11908800154924,-0.11233224719763,0.058899104595184,0.11715945601463,0.00052863475866616,-0.0077933445572853,-0.15743324160576,0.20562763512135,0.076058275997639,0.11839304119349,0.02336716093123,0.003688715165481,-0.097697481513023,-0.12683591246605,0.0099494811147451,-0.055751405656338,-0.070568926632404,-0.13504730165005,-0.021727956831455,0.052111200988293,-0.026692913845181,-0.050179846584797,-0.074803471565247,-0.016842743381858,-0.017073372378945,-0.0088958144187927,0.072619616985321,0.042839620262384,0.057810015976429,-0.073587119579315,0.032926417887211,-0.075173191726208,0.10618004947901,-0.029803348705173,-0.16192425787449,-0.045266203582287,-0.050116829574108,0.10722780972719,0.077438004314899,-0.044489294290543,-0.03663519769907,-0.13716806471348,0.10238332301378,0.12272367626429,0.064485676586628,-0.19525493681431,0.14722211658955,0.049934484064579,-0.082584202289581,0.07171294093132,0.031173381954432,0.051183417439461,0.12684664130211,-0.033502157777548,0.10405240207911,0.074958249926567,0.1300173252821,0.080117769539356,0.092941291630268,-0.10776989907026,-0.015405289828777,0.082931891083717,-0.0071196975186467,0.062242828309536,0.078908145427704,0.061182048171759
-0.059943631291389,0.082137025892735,-0.026336017996073,0.10551211982965,0.0011439779773355,0.069886170327663,0.046428814530373,-0.12971165776253,0.18637093901634,0.06241262331605,0.054949685931206,-0.065020851790905,-0.0011364616220817,0.029111312702298,-0.021175174042583,0.0038282875902951,-0.015668626874685,0.1344922631979,-0.083037950098515,-0.0083785103634,0.094850927591324,-0.14408060908318,-0.11146629601717,0.072225838899612,0.071749664843082,-0.087783552706242,-0.23363925516605,-0.01998352445662,0.06540571898222,0.093256153166294,0.15858814120293,0.1519809961319,-0.044040784239769,-0.022923678159714,0.10134418308735,0.13949260115623,-0.09299597889185,0.0060749012045562,-0.044924966990948,-0.1824851334095,-0.032256949692965,-0.0053173396736383,-0.03820039704442,-0.00059610151220113,0.12608227133751,-0.11088546365499,-0.038277216255665,0.12496465444565,0.0024761990644038,-0.12462647259235,-0.098674640059471,0.048542484641075,0.074535198509693,-0.15048514306545,0.050606518983841,0.10075995326042,-0.17537397146225,0.064665079116821,-0.024324897676706,-0.10265837609768,-0.080857038497925,0.052583411335945,0.12648305296898,-0.087572932243347,0.030738355591893,0.18745809793472,0.010638010688126,-0.032298218458891,-0.14652064442635,0.07934532314539,0.045724123716354,0.030541876330972,-0.0046640206128359,-0.034933764487505,-0.12572304904461,-0.077237077057362,0.048151053488255,-0.062684252858162,-0.012253890745342,-0.10828270763159,-0.0054604392498732,0.10993289202452,-0.133185505867,-0.11860974878073,-0.0164257530123,-0.042679857462645,-0.077019788324833,-0.008293547667563,0.11263001710176,0.090745627880096,0.096037946641445,-0.031760159879923,0.028800999745727,-0.022602953016758,0.078667365014553,0.043588388711214,-0.075882852077484,-0.05133418738842,-0.0042812461033463,0.063316114246845,0.14866390824318,-0.022674525156617,-0.056194622069597,-0.16479782760143,-0.047990061342716,0.16785241663456,0.061768151819706,-0.18216995894909,0.12224236875772,0.085901029407978,-0.028381135314703,0.039015959948301,-0.060975193977356,-0.044730141758919,0.14336252212524,-0.019715052098036,0.011289116926491,0.011616954579949,0.093581900000572,0.013402715325356,0.028572069481015,-0.061151120811701,0.046983242034912,0.043951362371445,-0.049438092857599,0.12226394563913,0.094421118497849,-0.057711325585842
-0.042513757944107,0.069811023771763,0.040694940835238,0.18244162201881,0.015701869502664,0.093546815216541,0.11611615121365,-0.050403323024511,0.12077580392361,0.078820168972015,0.097686193883419,-0.036971684545279,-0.085787802934647,-0.078184008598328,0.080344766378403,-0.033407844603062,-0.081905290484428,0.084591224789619,-0.024094492197037,-0.041487917304039,0.021600818261504,-0.17864611744881,-0.038955874741077,0.0088922437280416,0.17407418787479,-0.13787394762039,-0.15294402837753,-0.036333601921797,0.022023983299732,-0.02239690721035,0.16229610145092,0.082539573311806,-0.046911582350731,0.019097873941064,0.061649896204472,0.075747631490231,-0.097019508481026,-0.059698212891817,-0.031177705153823,-0.15248146653175,0.1167818158865,-0.097254209220409,-0.02906403504312,0.011068916879594,-0.030265055596828,-0.1337488591671,-0.063939146697521,0.034560803323984,0.0056464928202331,-0.097091361880302,-0.055616062134504,0.063646204769611,-0.0033648917451501,-0.1346407532692,0.035520568490028,0.07871401309967,-0.1612795740366,0.027019592002034,-0.058532427996397,0.013810801319778,-0.13689176738262,-0.047865845263004,0.094686925411224,-0.13549900054932,0.13556633889675,0.22153477370739,-0.021590271964669,-0.090599916875362,-0.16619099676609,0.13335129618645,0.0065521122887731,0.14802403748035,-0.0017907550791278,0.034125320613384,-0.049517646431923,-0.10062509030104,0.090192399919033,-0.019653808325529,-0.053253449499607,-0.052970554679632,-0.10865162312984,-0.039169501513243,-0.034518133848906,-0.079705163836479,-0.046799559146166,-0.022229764610529,-0.019664775580168,0.015618906356394,0.051256436854601,0.043913740664721,0.10017374902964,-0.028171923011541,-0.020513715222478,-0.067481406033039,0.035852562636137,-0.030172249302268,-0.047731529921293,-0.083110742270947,0.027463626116514,0.054441254585981,0.030289944261312,-0.052307352423668,-0.010328382253647,-0.1545726954937,0.073523372411728,0.15887305140495,0.1404981315136,-0.045490980148315,0.1325920522213,0.027570340782404,-0.085269846022129,0.066486708819866,0.00060183112509549,-0.049339130520821,0.19557690620422,-0.093157805502415,0.072000049054623,0.068269357085228,0.18358011543751,0.090236082673073,0.061476729810238,-0.075052350759506,-0.014011741615832,0.10306272655725,0.075915269553661,0.092906855046749,0.16313010454178,0.021196871995926
-0.045151021331549,0.10740585625172,0.052484709769487,0.098943531513214,0.0096719469875097,0.094655714929104,0.062105126678944,-0.054461814463139,0.16154250502586,0.092302739620209,0.09835059940815,-0.10178469866514,-0.01292329095304,-0.00093605933943763,0.078399792313576,0.0024495753459632,-0.019720856100321,0.1858966499567,-0.13112030923367,-0.062268599867821,0.080636538565159,-0.11031543463469,-0.049032863229513,0.077201582491398,0.11129577457905,-0.16221690177917,-0.19125033915043,0.010607029311359,0.063967019319534,0.016276191920042,0.18231704831123,0.10608743876219,-0.056367870420218,0.045970778912306,0.08934810012579,0.11744474619627,-0.090695343911648,-0.018811112269759,-0.050911009311676,-0.12484700977802,0.011343585327268,-0.026757935062051,-0.036801386624575,0.028268728405237,0.053549692034721,-0.17077915370464,-0.072522021830082,0.11603680998087,-0.0011724553769454,-0.074836418032646,-0.033693961799145,0.035022530704737,-0.036717098206282,-0.14595511555672,-0.017695888876915,0.098594754934311,-0.16576604545116,0.04646522924304,-0.0023477249778807,-0.064214646816254,-0.12579953670502,-0.003714363090694,0.071835316717625,-0.10364688187838,0.046090003103018,0.16881003975868,-0.0073369019664824,-0.043931156396866,-0.17309410870075,0.16988298296928,0.038644760847092,0.083238497376442,0.016119502484798,-0.017638957127929,-0.12693175673485,-0.14655379951,0.048172492533922,-0.028628882020712,-0.04056928679347,-0.12519891560078,-0.026112843304873,0.064224049448967,-0.089527599513531,-0.1170631274581,-0.047052375972271,-0.027755646035075,-0.05264849588275,-0.026441810652614,0.086371816694736,0.10097920149565,0.0967728048563,-0.057621862739325,-0.012391667813063,-0.084091372787952,0.089824415743351,0.037663917988539,-0.12093061208725,-0.040661733597517,-0.03977308422327,0.079957336187363,0.085596911609173,-0.028887297958136,-0.03352440148592,-0.12237090617418,0.045731142163277,0.13105884194374,0.051782190799713,-0.15548098087311,0.16789309680462,0.027885589748621,-0.076124779880047,0.081565760076046,-0.039666187018156,0.0080094328150153,0.17091642320156,-0.065354779362679,0.080159388482571,0.017968624830246,0.13199011981487,0.057046063244343,0.074356883764267,-0.056662756949663,0.012718079611659,0.1159415319562,0.012335713021457,0.039954155683517,0.11961594969034,-0.022437231615186
-0.061655655503273,0.069825664162636,0.023852692916989,0.10505791008472,0.034817680716515,0.086942918598652,0.076359778642654,-0.041349723935127,0.15322649478912,0.10687420517206,0.088764727115631,-0.084058113396168,-0.034636184573174,-0.0019988273270428,0.099977940320969,0.018799757584929,-0.013929081149399,0.15213875472546,-0.07887077331543,-0.058552451431751,0.044970568269491,-0.12610496580601,-0.023179834708571,0.03439949080348,0.1301195025444,-0.14289072155952,-0.1601594388485,-0.0019314322853461,0.066681988537312,-0.014441494829953,0.19179564714432,0.10528662800789,-0.024666123092175,0.019238580018282,0.077615678310394,0.11643393337727,-0.091912686824799,-0.026466373354197,-0.054144360125065,-0.1402595937252,0.043929267674685,-0.034774571657181,-0.031559873372316,0.023217663168907,0.01722596026957,-0.1564040184021,-0.086649432778358,0.097834743559361,0.020365679636598,-0.10770792514086,-0.066463157534599,0.019170101732016,-0.011168348602951,-0.16140314936638,-0.022904708981514,0.10271120071411,-0.16110084950924,0.049090087413788,-0.024042269214988,-0.019629362970591,-0.15442645549774,-0.019115878269076,0.08135911822319,-0.12004855275154,0.097098432481289,0.21218678355217,-0.03777127712965,-0.042987830936909,-0.17123331129551,0.13576559722424,0.026687785983086,0.10371255129576,0.0038662450388074,-0.025474676862359,-0.098383940756321,-0.11725625395775,0.066685378551483,-0.033555448055267,-0.055111542344093,-0.13353334367275,-0.043614603579044,0.023609418421984,-0.077746279537678,-0.098321914672852,-0.046949245035648,-0.028625989332795,-0.047085870057344,0.0028571092989296,0.070640556514263,0.076430909335613,0.099625535309315,-0.026957724243402,-0.035121187567711,-0.065017931163311,0.10853301733732,0.042732112109661,-0.10521402955055,-0.043950360268354,-0.030667265877128,0.084159269928932,0.068621732294559,-0.070709519088268,-0.025399286299944,-0.15824317932129,0.047851704061031,0.14744278788567,0.086934894323349,-0.15903630852699,0.17444908618927,0.018011627718806,-0.087750785052776,0.080096870660782,0.0074726990424097,-0.010821495205164,0.18806022405624,-0.075950145721436,0.070804543793201,0.05257111787796,0.14604637026787,0.075811885297298,0.069181583821774,-0.086999967694283,0.0074854604899883,0.10582858324051,0.018135167658329,0.068915009498596,0.10854004323483,-0.011877956800163
-0.043950345367193,0.094739027321339,0.087262026965618,0.12041797488928,0.035505574196577,0.1060870885849,0.071842648088932,-0.089926689863205,0.086412869393826,0.086619071662426,0.10534353554249,-0.057216960936785,-0.022912483662367,0.025342220440507,0.10745625942945,-0.0035192333161831,0.010944064706564,0.19486370682716,-0.078187271952629,-0.059693522751331,0.070806585252285,-0.083357080817223,-0.038532666862011,0.13672596216202,0.12235649675131,-0.14618952572346,-0.17658960819244,0.0042537576518953,0.067731089890003,0.025702595710754,0.16908912360668,0.07280521094799,-0.065131567418575,0.048934180289507,0.095793358981609,0.13896034657955,-0.09320118278265,-0.066612511873245,-0.056997023522854,-0.093275234103203,0.035166196525097,0.0097363628447056,-0.0057939137332141,0.033900059759617,-0.003050921484828,-0.15049800276756,-0.024179957807064,0.08608166128397,-0.001567529165186,-0.077139861881733,0.0076302578672767,-0.00010040888446383,-0.057803884148598,-0.14425568282604,0.020430311560631,0.12333895266056,-0.16554667055607,0.11273867636919,0.0071854004636407,-0.005578565876931,-0.13983775675297,0.0086292391642928,0.07335514575243,-0.13969567418098,0.11236626654863,0.13931183516979,-0.015987915918231,-0.094466254115105,-0.2087404280901,0.20930248498917,0.044552143663168,0.12100058048964,0.025991871953011,-0.0037446469068527,-0.09861347079277,-0.11951096355915,0.048921082168818,0.016745014116168,-0.034662954509258,-0.14866010844707,-0.027568796649575,0.062788240611553,-0.062358107417822,-0.10686384141445,-0.075011856853962,-0.043132822960615,-0.031668614596128,-0.046789687126875,0.019074281677604,0.098789893090725,0.091364465653896,-0.04363202303648,0.0011891983449459,-0.10117574781179,0.10031213611364,0.031651228666306,-0.11028908193111,-0.018733508884907,-0.022275187075138,0.087051182985306,0.039378125220537,0.0055223312228918,-0.01643193885684,-0.11646274477243,0.037625800818205,0.1425996273756,0.059944000095129,-0.16028599441051,0.15096564590931,0.01853876747191,-0.078864477574825,0.066820539534092,-0.0023460402153432,-0.0011296132579446,0.15645428001881,-0.052637498825788,0.10947804152966,0.0069016683846712,0.089074015617371,0.088034622371197,0.078501999378204,-0.086450167000294,-0.022616213187575,0.098837688565254,-0.015793120488524,0.094361707568169,0.10703058540821,-0.0077349557541311
-0.062319967895746,0.10827533900738,0.03184662014246,0.10005179047585,-0.017776744440198,0.081950560212135,0.059738382697105,-0.049633868038654,0.081628829240799,0.095065541565418,0.072206355631351,-0.095508232712746,0.043053295463324,0.053561359643936,0.040335673838854,0.029794823378325,0.047670319676399,0.15825736522675,-0.070331320166588,-0.057459112256765,0.14152082800865,-0.1822264790535,-0.069001466035843,0.13255922496319,0.11010456085205,-0.11534291505814,-0.20012766122818,-0.042041841894388,0.10651840269566,0.081998765468597,0.1578833013773,0.1517322063446,-0.024731002748013,0.024178221821785,0.048946917057037,0.10607240349054,-0.09829580783844,0.022650541737676,-0.067728973925114,-0.15056890249252,-0.023179363459349,-0.029155666008592,-0.0042805462144315,0.018945541232824,0.10084856301546,-0.11136306077242,0.012076345272362,0.056088961660862,-0.088574290275574,-0.1860920637846,-0.024571621790528,0.010600621812046,0.037144508212805,-0.15284858644009,0.028573589399457,0.15367640554905,-0.13326156139374,0.099634081125259,0.051244549453259,-0.11579666286707,-0.089528158307076,0.027802659198642,0.058310136198997,-0.12193639576435,0.087343841791153,0.20861083269119,-0.013990760780871,-0.057526372373104,-0.18244789540768,0.11169221997261,-0.0034249967429787,0.030912596732378,-0.04748323559761,-0.080467350780964,-0.077907301485538,-0.074053764343262,0.06245007365942,0.0096117965877056,-0.021426893770695,-0.11217181384563,-0.087816476821899,0.056543011218309,-0.11176849901676,-0.14466966688633,-0.055035997182131,-0.021883452311158,-0.045216761529446,-0.063058659434319,0.060019470751286,0.085338965058327,0.059613939374685,-0.052513774484396,-0.0067662484943867,-0.060614086687565,0.088130593299866,0.083795547485352,-0.070727981626987,0.016478106379509,0.0014174092793837,0.082128807902336,0.096258983016014,-0.0040940376929939,-0.03805560618639,-0.055104680359364,-0.03827728331089,0.1440549492836,0.01962104998529,-0.13425524532795,0.13846075534821,-0.059002283960581,-0.095317050814629,0.071130149066448,-0.080097496509552,-0.076421372592449,0.18920184671879,-0.01691947504878,0.0015876221004874,-0.048803832381964,0.10995513945818,0.07226675003767,0.032671302556992,-0.079500377178192,-0.01430007815361,0.068442225456238,-0.021653590723872,0.12545247375965,0.067978881299496,-0.054447896778584
-0.068251319229603,0.039068415760994,0.096873946487904,0.15739658474922,0.032970264554024,0.088285580277443,-0.017719496041536,-0.21497611701488,0.16179350018501,-0.039780825376511,0.028876081109047,0.074560567736626,-0.11370661109686,-0.05863193795085,-0.033668700605631,0.01859125494957,-0.0039099068380892,0.16117542982101,-0.049238666892052,-0.075456224381924,0.075538463890553,-0.032848622649908,-0.10861442238092,0.14617229998112,0.12358420342207,-0.022423041984439,-0.11092054843903,-0.042764399200678,-0.022140307351947,0.064720198512077,0.18601734936237,0.1574109941721,-0.024913057684898,0.037170525640249,0.1186279207468,0.092193506658077,-0.055463124066591,-0.098282195627689,0.025509404018521,-0.1042123734951,0.079274699091911,-0.010415004566312,0.04611374810338,-0.053648557513952,0.11913679540157,-0.12007588148117,0.015801327303052,-0.0075562386773527,-0.037583570927382,-0.13526484370232,0.015581165440381,-0.037158362567425,0.13162077963352,-0.12471699714661,0.048288401216269,0.14085528254509,-0.13642965257168,0.096071735024452,-0.085065789520741,-0.0054365820251405,-0.065212465822697,0.040098544210196,0.072094678878784,-0.12426840513945,0.12743911147118,0.1065893471241,-0.0069231824018061,-0.11338379234076,-0.20829413831234,0.18281853199005,-0.0040338472463191,0.020663084462285,-0.048104971647263,-0.029975833371282,-0.083232879638672,-0.034983821213245,0.033670399338007,-0.038280475884676,-0.098089531064034,-0.094304084777832,-0.051835663616657,0.1887372136116,-0.036305285990238,-0.074763908982277,-0.056354820728302,-0.076409190893173,-0.016315782442689,-0.031536214053631,-0.088657550513744,0.091628909111023,0.056327596306801,-0.027377553284168,0.028694024309516,0.024800810962915,0.09031280875206,0.1523599922657,-0.063072562217712,-0.057923521846533,0.032453518360853,0.078127108514309,0.056239385157824,-0.070511527359486,-0.12009602040052,-0.053709711879492,0.073118641972542,0.084976896643639,0.085746295750141,-0.17537407577038,-0.033105671405792,0.045286670327187,-0.081398330628872,0.008034935221076,-5.0389051466482e-05,-0.056638121604919,0.14327494800091,-0.063355185091496,-0.048189960420132,-0.0075845052488148,0.088455781340599,0.052797321230173,0.12572331726551,-0.00038704683538526,-0.0018040431896225,-0.058390624821186,0.024327801540494,0.15628239512444,0.085254684090614,-0.07540949434042
-0.063033163547516,0.098237000405788,-0.0086193270981312,0.11133944243193,-0.030878828838468,0.13216145336628,-0.0025763504672796,-0.14393372833729,0.15284979343414,-0.030599001795053,0.043292470276356,-0.00017908379959408,-0.10031999647617,-0.02785605378449,-0.030108876526356,-0.020152308046818,-0.016624100506306,0.11715448647738,-0.0087928706780076,-0.14765791594982,0.051082093268633,-0.053050603717566,-0.12741801142693,0.10240595787764,0.13753186166286,-0.074376493692398,-0.075054451823235,-0.020923500880599,0.012747253291309,0.072288356721401,0.19766491651535,0.085891403257847,-0.045400861650705,-0.028605025261641,0.070395432412624,0.077905043959618,-0.11465381830931,-0.13486169278622,0.0075345262885094,-0.044924758374691,0.031308371573687,-0.0087560387328267,0.00382892601192,0.033021051436663,0.13232097029686,-0.13284090161324,0.0049794493243098,-0.016944363713264,-0.065641097724438,-0.15354341268539,-0.01860642246902,-0.0051157572306693,0.13262908160686,-0.15650404989719,-0.048389099538326,0.16664227843285,-0.17143498361111,0.16284239292145,-0.036802772432566,-0.034562487155199,-0.086528293788433,0.066009245812893,0.13804672658443,-0.13419832289219,0.074832573533058,0.14518636465073,0.037722818553448,-0.12992049753666,-0.19931319355965,0.12800711393356,0.0023729193489999,0.016576647758484,-0.03303250670433,-0.046401835978031,-0.084299728274345,-0.052405573427677,0.025864535942674,-0.10922586172819,-0.1174632832408,-0.072468318045139,-0.057699903845787,0.11884677410126,-0.06763269752264,-0.10332912951708,-0.063008926808834,-0.033690586686134,-0.049163833260536,-0.12955792248249,-0.046490054577589,0.055968541651964,0.037662252783775,-0.063403502106667,-0.0045045050792396,-0.0066556287929416,0.15947577357292,0.13647927343845,-0.048798982053995,-0.065691664814949,0.010124317370355,0.12326073646545,0.011623132042587,-0.052316125482321,-0.076427981257439,-0.073066152632236,-0.044917058199644,0.13008359074593,0.066119641065598,-0.15519832074642,-0.067786403000355,0.0093117039650679,0.0066921389661729,-0.0071720127016306,0.0052381595596671,-0.080231830477715,0.12019373476505,-0.055417038500309,-0.023087805137038,0.017870962619781,0.191690325737,0.029126781970263,0.097618922591209,-0.10123872756958,-0.0074710813350976,-0.053407445549965,0.0436403863132,0.12045341730118,0.048549953848124,-0.056563396006823
-0.017875989899039,0.084937743842602,-0.038045320659876,0.079778753221035,-0.021516332402825,0.15434347093105,-0.024458847939968,-0.093807145953178,0.11873411387205,0.02071189135313,0.071617066860199,-0.031304154545069,-0.10448037832975,-0.10066033154726,-0.015662698075175,0.0079860426485538,-0.0094559984281659,0.19517602026463,0.024521190673113,-0.12699812650681,0.070378139615059,0.0062485099770129,-0.07915872335434,0.053382597863674,0.080227956175804,-0.050216395407915,-0.040241338312626,-0.071660093963146,0.050425946712494,0.050351161509752,0.16728150844574,0.078948229551315,-0.023337921127677,-0.0124427145347,0.13936272263527,0.077806167304516,-0.073035627603531,-0.13676023483276,0.034817107021809,-0.079067163169384,-0.017424907535315,-0.033435437828302,-0.021192954853177,0.089452527463436,0.076081983745098,-0.13957802951336,0.020552150905132,0.031737349927425,-0.089074343442917,-0.093087390065193,-0.0054165543988347,0.034527827054262,0.074755005538464,-0.12823097407818,-0.075403928756714,0.13026052713394,-0.09220989048481,0.058292727917433,-0.055944412946701,-0.031814068555832,-0.084206447005272,0.0068487203679979,0.17523762583733,-0.13094349205494,0.090166129171848,0.035346772521734,0.01568315923214,-0.14111885428429,-0.1500209569931,0.18936596810818,-0.034985054284334,-0.0038721228484064,-0.053273901343346,-0.037417966872454,-0.16759315133095,-0.14749367535114,0.026380382478237,-0.035153649747372,-0.11314451694489,-0.10980402678251,-0.037768974900246,0.14145915210247,-0.098715551197529,-0.10342824459076,-0.023943973705173,-0.044445145875216,-0.081235446035862,-0.10235624760389,0.0088420314714313,0.098425030708313,0.090349219739437,-0.016148015856743,-0.093878075480461,-0.012350379489362,0.19192790985107,0.12172883749008,-0.042443282902241,0.0058459476567805,-0.047068309038877,0.10838487744331,0.04303116351366,-0.026357982307673,-0.075124382972717,-0.1154908016324,0.032434716820717,0.094088532030582,0.11341532319784,-0.18354113399982,0.0039425175637007,0.058099038898945,-0.031448066234589,-0.0022614728659391,0.029028160497546,-0.080889008939266,0.15733696520329,-0.080283716320992,0.06620729714632,-0.070754423737526,0.20261707901955,0.01206849142909,0.12569716572762,-0.11766624450684,0.076597630977631,-0.024622745811939,0.055269151926041,0.041318751871586,0.13155461847782,-0.036096923053265
-0.0042832070030272,0.11287204921246,-0.026203749701381,0.078668974339962,0.016924612224102,0.12766835093498,-0.035163290798664,-0.12287624180317,0.10165078192949,0.017491910606623,0.088639155030251,-0.023224508389831,-0.079696096479893,-0.096662148833275,-0.007971921004355,0.053163908421993,0.03657067194581,0.17262893915176,0.00021405203733593,-0.081639833748341,0.092322200536728,-0.0020380229689181,-0.067712195217609,0.072546616196632,0.097607009112835,-0.055163603276014,-0.018330443650484,-0.065625265240669,0.070617131888866,0.081467472016811,0.15571510791779,0.09137674421072,0.010743393562734,0.026073355227709,0.14413154125214,0.086465105414391,-0.024397235363722,-0.10812608897686,0.047950573265553,-0.12726008892059,-0.034394640475512,-0.05888519063592,0.025011474266648,0.066704228520393,0.095189020037651,-0.061395063996315,0.044150721281767,0.052882365882397,-0.14103455841541,-0.10921999067068,-0.018167348578572,0.02740135230124,0.071325317025185,-0.14140585064888,-0.054946031421423,0.1273712515831,-0.12959721684456,0.053376860916615,-0.086457848548889,-0.017732484266162,-0.083246864378452,-0.018358217552304,0.16882400214672,-0.14646771550179,0.11959744244814,0.046417694538832,-0.037118688225746,-0.097996756434441,-0.18225654959679,0.16561098396778,-0.044336173683405,-0.030673377215862,-0.10314308106899,-0.10780786722898,-0.13687612116337,-0.10933099687099,0.06270981580019,0.020636299625039,-0.098814181983471,-0.086762748658657,-0.041252695024014,0.12503245472908,-0.11924055963755,-0.1010068655014,-0.040929839015007,-0.038399308919907,-0.10235454887152,-0.093441173434258,-0.011050660163164,0.14765450358391,0.1101196333766,-0.044346712529659,-0.11662776768208,0.047106556594372,0.16538666188717,0.14202797412872,-0.05372104793787,-0.001567060011439,-0.019055243581533,0.061228945851326,0.054303746670485,-0.041391421109438,-0.1112003326416,-0.091252744197845,0.031109437346458,0.10135604441166,0.1052543669939,-0.1467172652483,0.026178263127804,0.016885364428163,-0.055366586893797,0.0058938362635672,0.0088686216622591,-0.046523667871952,0.18243302404881,-0.073876895010471,-0.011649835854769,-0.059560477733612,0.16042742133141,0.062378969043493,0.10429326444864,-0.078765816986561,0.056905429810286,0.024512194097042,0.076082319021225,0.059971529990435,0.13819755613804,-0.10084239393473
-0.090197660028934,0.08967986702919,0.045562800019979,0.20932361483574,-0.01071459800005,0.047584302723408,0.047871135175228,-0.15730598568916,0.13502809405327,0.02275357209146,-0.0049275252968073,0.068486742675304,-0.14602956175804,-0.046593945473433,-0.033288117498159,-0.051763325929642,-0.016314821317792,0.11556750535965,2.96930084005e-05,-0.075300447642803,-0.045519333332777,-0.12579584121704,-0.13907040655613,0.12151416391134,0.14948159456253,-0.086257256567478,-0.11678681522608,0.022186221554875,-0.042579676955938,0.05076202750206,0.12578968703747,0.17912891507149,-0.063127994537354,-0.00024731401936151,0.013129888102412,0.042649615556002,-0.08917823433876,-0.14818160235882,-0.044137984514236,-0.06206688657403,0.12345793843269,-0.042787775397301,0.066695466637611,-0.061464495956898,0.092157170176506,-0.12395100295544,0.0065164123661816,-0.041865412145853,-0.0012234959285706,-0.11335784196854,0.068479418754578,0.0033856031950563,0.097565554082394,-0.14420405030251,0.052453320473433,0.14477917551994,-0.17295324802399,0.084046334028244,0.0062652719207108,0.014684433117509,-0.055735714733601,0.056662198156118,0.019583959132433,-0.1481668651104,0.093432039022446,0.17318043112755,0.023365395143628,-0.19912251830101,-0.22629891335964,0.14346832036972,-0.028214706107974,0.078148618340492,0.020140584558249,0.088996857404709,-0.04930404946208,-0.02573187276721,0.096217669546604,-0.056693021208048,-0.10169098526239,-0.1317293047905,-0.096974462270737,0.10999931395054,-0.043590001761913,-0.074591986835003,-0.016386020928621,-0.049705073237419,-0.042929667979479,-0.063347734510899,-0.017058942466974,0.047274641692638,-0.011604498140514,-0.020786507055163,0.055953677743673,-0.056167870759964,0.11568907648325,0.11043654382229,-0.0089164786040783,-0.10860457271338,0.070182524621487,0.077809102833271,-0.0055947792716324,-0.054462596774101,-0.039980888366699,-0.033428184688091,0.0036981217563152,0.10481505841017,0.076369009912014,-0.10759772360325,-0.076781801879406,0.053078811615705,-0.047811664640903,0.027346670627594,0.036868028342724,-0.088529281318188,0.06927777081728,-0.15038087964058,0.049452766776085,0.025227438658476,0.17576941847801,0.020719941705465,0.097149714827538,-0.014969266019762,-0.020299019291997,-0.04997830465436,0.045804269611835,0.12800343334675,0.046566598117352,-0.073940873146057
-0.0084029547870159,0.13558185100555,-0.034055978059769,0.081085979938507,0.0045547401532531,0.13003735244274,-0.039284642785788,-0.14193445444107,0.11372189223766,0.0074960580095649,0.087105333805084,-0.0061987177468836,-0.091669604182243,-0.091744057834148,-0.01914544031024,0.041654534637928,0.024423727765679,0.1500198841095,-0.0038085696287453,-0.10139681398869,0.073842741549015,0.011264082044363,-0.10267540067434,0.069201983511448,0.10690619051456,-0.047417055815458,-0.0076683326624334,-0.036708138883114,0.060049284249544,0.10116108506918,0.1532471626997,0.10641584545374,-0.0042781569063663,0.025503752753139,0.1218600794673,0.086740747094154,-0.028166703879833,-0.13710401952267,0.060084477066994,-0.092027150094509,-0.022503713145852,-0.065344780683517,0.040131311863661,0.060127723962069,0.11856154352427,-0.065859727561474,0.046929311007261,0.039217177778482,-0.13089881837368,-0.11460038274527,0.0041141179390252,0.045430451631546,0.066924460232258,-0.13760881125927,-0.053964395076036,0.13510183990002,-0.1600152105093,0.067572876811028,-0.090436495840549,-0.0043856189586222,-0.083180025219917,-0.01935469917953,0.16901306807995,-0.14702266454697,0.099889181554317,0.047371663153172,-0.016824495047331,-0.1100412607193,-0.18594047427177,0.16557663679123,-0.040902070701122,-0.026370340958238,-0.093871369957924,-0.089125990867615,-0.12319220602512,-0.10110460966825,0.068509541451931,-0.0018631984712556,-0.12099573016167,-0.07893979549408,-0.025460673496127,0.13304622471333,-0.10164470970631,-0.090723477303982,-0.049754362553358,-0.03561744466424,-0.095063768327236,-0.11373634636402,-0.016870453953743,0.14762003719807,0.085895262658596,-0.064206980168819,-0.10909880697727,0.054752178490162,0.16373005509377,0.14897631108761,-0.048947967588902,-0.032081309705973,0.00065097818151116,0.066736690700054,0.033385388553143,-0.036933515220881,-0.11206308752298,-0.068020552396774,0.012347348034382,0.10637161880732,0.086777068674564,-0.13163474202156,-0.016007866710424,0.019907269626856,-0.037521664053202,-0.004868920892477,-0.0059209829196334,-0.038565848022699,0.16350397467613,-0.085984215140343,-0.003627862315625,-0.045123025774956,0.17897407710552,0.056240849196911,0.11953184008598,-0.074250482022762,0.063116244971752,0.010922780260444,0.088322423398495,0.05913619697094,0.12947811186314,-0.10188247263432
-0.04169587045908,0.094587936997414,-0.0083750281482935,0.13133050501347,-0.045846812427044,0.13345122337341,-0.014232559129596,-0.096373103559017,0.10705110430717,0.022378923371434,0.066533774137497,-0.021990993991494,-0.070722579956055,-0.081477902829647,-0.024301290512085,0.01211054995656,0.0047261565923691,0.16005428135395,0.0051100472919643,-0.10087643563747,0.084813788533211,-0.098578236997128,-0.10136149078608,0.091574169695377,0.12095830589533,-0.068771444261074,-0.086132042109966,-0.077496901154518,0.023700835183263,0.065095484256744,0.17355772852898,0.1460799574852,-0.019403155893087,0.015364221297204,0.087900534272194,0.069520734250546,-0.070859611034393,-0.10428711026907,0.025270532816648,-0.11934162676334,0.009435623884201,-0.083175256848335,0.010818510316312,0.015064629726112,0.12464690953493,-0.13617730140686,0.035597503185272,0.00066766870440915,-0.12833088636398,-0.14496870338917,0.00056669604964554,0.011853448115289,0.11775145679712,-0.13116849958897,-0.036986622959375,0.15347392857075,-0.11935099214315,0.053649537265301,-0.030114866793156,-0.063723020255566,-0.070470504462719,0.030911788344383,0.11617758870125,-0.16298635303974,0.10021226853132,0.14102195203304,0.011037076823413,-0.13712172210217,-0.19288885593414,0.13136653602123,-0.061058893799782,-0.015712212771177,-0.085509486496449,-0.055494207888842,-0.10382045805454,-0.097414955496788,0.069690652191639,-0.040338344871998,-0.093509681522846,-0.068136051297188,-0.10297011584044,0.093811735510826,-0.099595949053764,-0.12339849025011,-0.04609403014183,-0.010314510203898,-0.073037497699261,-0.10634528845549,0.0035768884699792,0.092643961310387,0.064981214702129,-0.047353725880384,-0.042164351791143,0.014725875109434,0.12925884127617,0.14085434377193,-0.039582561701536,-0.012534521520138,-0.0056087384000421,0.092930406332016,0.056414760649204,-0.046857587993145,-0.097114101052284,-0.057496055960655,0.041126325726509,0.12252895534039,0.099756009876728,-0.13212932646275,-0.021199876442552,-0.0019461911870167,-0.086592547595501,0.011486104689538,-0.004725041333586,-0.10873624682426,0.17020805180073,-0.08590754121542,-0.00014063488924876,-0.047535046935081,0.21021267771721,0.04321151599288,0.098479606211185,-0.10078950971365,0.034968756139278,-0.018932709470391,0.074864380061626,0.092440083622932,0.11191131919622,-0.066074967384338
-0.053756035864353,0.1212845146656,-0.0073925023898482,0.14284767210484,-0.038496397435665,0.13893151283264,-0.024366203695536,-0.20458255708218,0.082683302462101,0.0053598005324602,0.061300214380026,0.03566974401474,-0.08427432179451,-0.039826165884733,-0.069558188319206,-0.0080802161246538,0.0037222737446427,0.16904048621655,0.012446060776711,-0.1154146566987,0.057214722037315,-0.06341478228569,-0.1222712546587,0.10654713213444,0.11715216189623,-0.034460108727217,-0.087630204856396,-0.044404022395611,-0.0030666422098875,0.11508994549513,0.13776205480099,0.15841138362885,-0.046852603554726,0.0011476830113679,0.079683884978294,0.075652860105038,-0.098712332546711,-0.13164320588112,0.046058770269156,-0.052477240562439,0.0061148628592491,-0.047804843634367,0.015193156898022,-0.010368267074227,0.11937380582094,-0.10114089399576,0.057858288288116,-0.018767949193716,-0.11777053028345,-0.15441411733627,0.068458236753941,0.04031390696764,0.11027289181948,-0.1275946199894,-0.020123817026615,0.15994197130203,-0.11085321009159,0.10947888344526,-0.031860370188951,-0.0079189483076334,-0.043217089027166,0.067082710564137,0.12884084880352,-0.15694031119347,0.11542862653732,0.092992551624775,0.025929698720574,-0.12876366078854,-0.21263952553272,0.18807896971703,-0.016932522878051,0.0067875552922487,-0.055822394788265,-0.026236657053232,-0.095141865313053,-0.046149458736181,0.042264707386494,-0.067758113145828,-0.12376475334167,-0.086091533303261,-0.085442185401917,0.13656480610371,-0.066554702818394,-0.093419708311558,-0.091970674693584,-0.030839692801237,-0.051677376031876,-0.14660604298115,-0.050504744052887,0.074682354927063,0.0080738514661789,-0.060498811304569,0.020557353273034,0.022291745990515,0.11601315438747,0.1265980899334,-0.028928631916642,-0.040509652346373,0.036394376307726,0.095897331833839,0.043685540556908,0.0057053025811911,-0.10102615505457,-0.013787317089736,0.027910968288779,0.11190029233694,0.074241280555725,-0.11643958091736,-0.082800477743149,0.022982068359852,-0.04878830909729,-0.014106348156929,0.0074773048982024,-0.088444516062737,0.10912719368935,-0.073686182498932,-0.02433948032558,-0.019306905567646,0.17768383026123,0.038824450224638,0.10342365503311,-0.096108585596085,0.010073967278004,-0.07987230271101,0.063798896968365,0.14564393460751,0.070261910557747,-0.066818170249462
0.014181343838573,0.13312928378582,-0.0250224173069,0.067308664321899,-0.030204517766833,0.11905150860548,-0.056009102612734,-0.12439622730017,0.1121269762516,-0.0046894294209778,0.095927804708481,-0.040046915411949,-0.07616713643074,-0.068647168576717,-0.037375591695309,0.013693556189537,0.059633161872625,0.18698202073574,-0.0054286126978695,-0.064640790224075,0.08345827460289,0.025570958852768,-0.082945950329304,0.082041993737221,0.052901536226273,-0.055856794118881,-0.021731475368142,-0.019009253010154,0.087864525616169,0.091601766645908,0.13098400831223,0.087549470365047,0.019614927470684,0.016750397160649,0.14336864650249,0.080594979226589,-0.010947139933705,-0.074165299534798,0.041829604655504,-0.11297558248043,-0.078168138861656,-0.038416501134634,-0.0057953190989792,0.051131583750248,0.10490943491459,-0.081086821854115,0.038048062473536,0.06567720323801,-0.13166946172714,-0.066843643784523,-0.016146510839462,0.092898271977901,0.079053238034248,-0.1066911816597,-0.061199862509966,0.10263615101576,-0.108696796,0.027058053761721,-0.07952556759119,-0.056598786264658,-0.077454216778278,0.0077437656000257,0.17481841146946,-0.13250428438187,0.054973762482405,0.032345473766327,0.014624642208219,-0.12155425548553,-0.18878167867661,0.17065334320068,-0.037259135395288,-0.092419706285,-0.085673570632935,-0.05798364430666,-0.14299523830414,-0.14144071936607,0.061701934784651,-0.019268918782473,-0.077966883778572,-0.093617781996727,-0.023388728499413,0.14841613173485,-0.12271843105555,-0.12120845913887,0.021209849044681,-0.048094872385263,-0.13751512765884,-0.10629238188267,0.028217621147633,0.16659915447235,0.11253941804171,-0.057976923882961,-0.083524741232395,0.053960021585226,0.18404348194599,0.10619488358498,-0.043984014540911,0.011904051527381,-0.038339979946613,0.053992513567209,0.069517374038696,0.010480720549822,-0.10303393751383,-0.074247516691685,0.012459854595363,0.11193487793207,0.12286085635424,-0.17173364758492,0.042589854449034,0.020038675516844,-0.02605265006423,0.0018608209211379,-0.0019327457994223,-0.017773859202862,0.1455757021904,-0.084259383380413,0.028660455718637,-0.088454931974411,0.1799593269825,0.030783293768764,0.091245301067829,-0.092055469751358,0.073749549686909,-0.0030488211195916,0.08044121414423,0.034508071839809,0.17125302553177,-0.097100451588631
-0.084629863500595,0.12477824091911,-0.044491484761238,0.13695473968983,-0.019853623583913,0.093972340226173,-0.0228192191571,-0.1981798261404,0.14159123599529,-0.0057859201915562,0.030007001012564,0.062448367476463,-0.10027314722538,-0.019842790439725,-0.074281215667725,-0.016247831285,0.02088737487793,0.1075471714139,0.016024300828576,-0.10818798094988,0.010704634711146,-0.070300668478012,-0.13816115260124,0.12045532464981,0.13357725739479,-0.046534068882465,-0.051557417958975,-0.009708003140986,-0.001449930598028,0.12063384801149,0.15773566067219,0.15468201041222,-0.015844065696001,-0.027362372726202,0.030210603028536,0.070809878408909,-0.087145917117596,-0.1416681855917,0.0072201672010124,-0.027112307026982,0.039405785501003,-0.029095396399498,0.038907766342163,-0.010799386538565,0.13453783094883,-0.090204790234566,0.044322866946459,-0.030471932142973,-0.05604474619031,-0.1694433093071,0.039808198809624,0.02347900532186,0.13848780095577,-0.15876221656799,-0.01369106862694,0.17825627326965,-0.1678164601326,0.13878288865089,-0.033040728420019,0.0075582796707749,-0.071425601840019,0.053472250699997,0.11294788867235,-0.15728469192982,0.095050983130932,0.11087388545275,0.02610188536346,-0.14400891959667,-0.21640853583813,0.12396778166294,-0.018379228189588,0.0092977341264486,-0.051179379224777,-0.028512259945273,-0.052942726761103,0.0014050488825887,0.057031780481339,-0.069413639605045,-0.14085093140602,-0.087672919034958,-0.08158503472805,0.13340318202972,-0.062454771250486,-0.066095612943172,-0.061344020068645,-0.029387826099992,-0.053248949348927,-0.1313603669405,-0.053678978234529,0.04629810526967,-0.023806946352124,-0.064107939600945,0.020849041640759,0.021713415160775,0.15718518197536,0.13650497794151,-0.030165329575539,-0.082110673189163,0.058603197336197,0.090782694518566,0.0085452003404498,-0.046551384031773,-0.084126755595207,-0.01166919246316,-0.042687349021435,0.11643645912409,0.052761744707823,-0.1264908015728,-0.11150167882442,0.021060511469841,-0.021640099585056,-0.016184469684958,0.013065748848021,-0.080071471631527,0.072420492768288,-0.085003800690174,-0.03725615516305,0.0045123673044145,0.18699939548969,0.048862423747778,0.098106667399406,-0.065522722899914,-0.018775131553411,-0.077835008502007,0.041177451610565,0.15113864839077,0.013686284422874,-0.082092627882957
-0.009554635733366,0.11668398231268,0.0060640093870461,0.088081412017345,0.0059154406189919,0.1308980435133,-0.048365507274866,-0.12795428931713,0.11242102831602,0.0018010818166658,0.099171839654446,-0.0043118507601321,-0.084525920450687,-0.092503659427166,-0.0058848476037383,0.044084377586842,0.039240721613169,0.1704216003418,-0.014304357580841,-0.10070818662643,0.096141435205936,0.016882704570889,-0.083576574921608,0.097266584634781,0.10946726053953,-0.050164803862572,-0.0026487673167139,-0.049469660967588,0.058594733476639,0.086139097809792,0.1647821366787,0.098116666078568,0.011888112872839,0.042103916406631,0.12575469911098,0.084285482764244,-0.022383620962501,-0.1190380603075,0.054144904017448,-0.095351845026016,-0.014859645627439,-0.059534352272749,0.02702366001904,0.053560398519039,0.10513457655907,-0.084211856126785,0.042707767337561,0.026653941720724,-0.13513289391994,-0.12284716963768,0.015394917689264,0.033896721899509,0.068912088871002,-0.13222204148769,-0.054667044430971,0.14033031463623,-0.13798873126507,0.05811471119523,-0.086279265582561,-0.012441419064999,-0.08712425082922,-0.030242063105106,0.14557628333569,-0.14701408147812,0.11137787252665,0.039601441472769,-0.017670782282948,-0.10608660429716,-0.18900917470455,0.18500056862831,-0.044039539992809,-0.035461358726025,-0.1028916016221,-0.10976640880108,-0.11823986470699,-0.10264077037573,0.05567529797554,0.018785951659083,-0.1173974648118,-0.073802217841148,-0.046755291521549,0.13840746879578,-0.085162073373795,-0.094644092023373,-0.044045813381672,-0.037527646869421,-0.077281191945076,-0.10320494323969,-0.038174364715815,0.14535883069038,0.084846772253513,-0.065344102680683,-0.10630267113447,0.056996051222086,0.15135422348976,0.14702293276787,-0.061819650232792,-0.022541053593159,-0.008313849568367,0.065008960664272,0.039170671254396,-0.035412333905697,-0.11719681322575,-0.053080406039953,0.045417170971632,0.092730179429054,0.093630895018578,-0.14579421281815,0.0010716260876507,-0.0054241162724793,-0.066066056489944,0.0017499551177025,-0.0073817986994982,-0.037027593702078,0.17845596373081,-0.081216737627983,-0.01999094337225,-0.065397076308727,0.16249459981918,0.066623121500015,0.12285072356462,-0.066784158349037,0.038244970142841,0.011718352325261,0.098476029932499,0.065832741558552,0.138043820858,-0.092484630644321
-0.017405977472663,0.089871473610401,0.020362442359328,0.063097238540649,0.028186779469252,0.12365431338549,-0.055426020175219,-0.097254917025566,0.1102636307478,-0.0023147137835622,0.0859719440341,-0.027320051565766,-0.081504784524441,-0.091470450162888,0.016370203346014,0.052726428955793,0.058049492537975,0.17717607319355,0.00046217840281315,-0.082976602017879,0.11130472272635,0.020033374428749,-0.057009004056454,0.075738318264484,0.10207577049732,-0.049893856048584,-0.018021231517196,-0.058422565460205,0.076656952500343,0.048618070781231,0.18204039335251,0.053494159132242,0.044244382530451,0.024224042892456,0.16309680044651,0.087215326726437,-0.0040101544000208,-0.09126678109169,0.056057088077068,-0.13822449743748,-0.019579045474529,-0.02952267229557,0.028773950412869,0.053665168583393,0.084862023591995,-0.083893120288849,0.033441700041294,0.03396388143301,-0.13408125936985,-0.11870408803225,-0.049912869930267,-0.00067324185511097,0.08829739689827,-0.12866415083408,-0.063522219657898,0.12564419209957,-0.11968889832497,0.042159125208855,-0.11017066240311,-0.034205581992865,-0.096112065017223,-0.02167977578938,0.14433445036411,-0.14018213748932,0.12249355018139,0.062302570790052,-0.037725493311882,-0.091865062713623,-0.18095570802689,0.14783173799515,-0.02837442047894,-0.052104692906141,-0.1067061200738,-0.1385955363512,-0.11765356361866,-0.099753811955452,0.035677015781403,0.018238915130496,-0.078543461859226,-0.086134001612663,-0.056490067392588,0.14161233603954,-0.088714934885502,-0.081777304410934,-0.016514988616109,-0.038797568529844,-0.089452855288982,-0.062059953808784,-0.024827666580677,0.14307114481926,0.11489253491163,-0.039785768836737,-0.11315433681011,0.063017047941685,0.16446171700954,0.13116778433323,-0.068888060748577,0.016244649887085,-0.063078828155994,0.065784007310867,0.044318370521069,-0.05424652993679,-0.11509217321873,-0.10498394072056,0.043494157493114,0.10995350033045,0.12959872186184,-0.17763258516788,0.047061208635569,-0.005373717751354,-0.068428061902523,-0.012593310326338,0.0092876367270947,-0.032158892601728,0.19328141212463,-0.071822635829449,-0.038287356495857,-0.067261375486851,0.1356258392334,0.058121368288994,0.10664042085409,-0.07641177624464,0.038236800581217,0.012919994071126,0.082919970154762,0.063527218997478,0.15323475003242,-0.086418054997921
-0.064895063638687,0.059325907379389,0.089537873864174,0.14544741809368,0.074003204703331,0.11959432065487,0.067856758832932,-0.13470853865147,0.083154246211052,0.033693969249725,0.017863823100924,0.059158083051443,-0.11030724644661,-0.05786819383502,0.054186079651117,-0.017790600657463,-0.020569609478116,0.18749782443047,-0.0080528082326055,-0.11656002700329,0.053413055837154,-0.039088316261768,-0.089619711041451,0.11653151363134,0.15898467600346,-0.056493379175663,-0.13613814115524,-0.048296824097633,0.0041074715554714,0.048213161528111,0.16795937716961,0.15634173154831,-0.065877147018909,0.061622403562069,0.092053107917309,0.073335461318493,-0.05148171633482,-0.15146817266941,0.024726400151849,-0.078513465821743,0.15612433850765,-0.019367156550288,0.092378988862038,0.0050078830681741,0.0042985179461539,-0.15357007086277,0.039568837732077,-0.02392540499568,-0.013284758664668,-0.12516151368618,0.055330265313387,-0.046772822737694,0.029222089797258,-0.11015576869249,0.062852643430233,0.15929172933102,-0.11390253156424,0.114382609725,-0.041341695934534,0.016875047236681,-0.093605794012547,0.0038119647651911,0.054649472236633,-0.15693466365337,0.1450355052948,0.1133921444416,-0.016236880794168,-0.15408995747566,-0.18648026883602,0.23003302514553,-0.013045884668827,0.12801811099052,-0.012804633006454,0.036691144108772,-0.082952655851841,-0.061776597052813,0.033095460385084,0.0077083786018193,-0.096038468182087,-0.15694150328636,-0.079291485249996,0.18131513893604,0.015552795492113,-0.035686433315277,-0.054249133914709,-0.073378510773182,0.029965829104185,-0.02583210170269,-0.053233187645674,0.068860732018948,0.066128045320511,-0.02289067581296,-0.016457827761769,-0.088459655642509,0.099051646888256,0.090020097792149,-0.060291279107332,-0.010161187499762,0.015274570323527,0.096430644392967,-0.014043412171304,-0.043286226689816,-0.02338607609272,-0.033132586628199,0.051528319716454,0.080507837235928,0.049152310937643,-0.12645493447781,-0.0064196730963886,0.046767693012953,-0.075121380388737,0.01041857060045,-0.012395208701491,-0.072956711053848,0.15104077756405,-0.10239538550377,0.084651820361614,-0.057579349726439,0.11388912796974,0.069809064269066,0.17877122759819,-0.013670699670911,-0.0036630711983889,-0.0073448703624308,-0.017306065186858,0.10211249440908,0.090070240199566,-0.0066674705594778
-0.024674940854311,0.17430643737316,-0.12044017016888,0.072160474956036,-0.0071550789289176,0.14522387087345,-0.058650780469179,-0.14258405566216,0.055554240942001,0.087543979287148,0.071545533835888,-0.044424690306187,-0.073672853410244,-0.083470322191715,-0.0029458873905241,0.011800683103502,-0.0091006821021438,0.13850939273834,0.041837569326162,-0.026497459039092,-0.043212939053774,-0.077054627239704,-0.012817301787436,0.052048847079277,0.098331935703754,-0.11218287795782,0.026244817301631,-0.010758680291474,0.016245227307081,0.057625159621239,0.11172971874475,0.044765464961529,-0.0031518093310297,0.008529863320291,0.090403981506824,0.11234678328037,-0.036973107606173,-0.15667141973972,0.0054557919502258,-0.10465230047703,-0.05007616430521,-0.14048355817795,0.042743433266878,0.058089755475521,0.034877646714449,-0.025687266141176,0.064210139214993,0.12875175476074,-0.13553828001022,0.012729364447296,-0.0027804290875793,0.046118438243866,0.047474563121796,-0.14192348718643,-0.053669087588787,0.10395461320877,-0.14588530361652,0.02489504404366,-0.025693096220493,-0.019093537703156,-0.10492856800556,0.048835642635822,0.19108326733112,-0.18138894438744,0.083517074584961,0.10369726270437,-0.051245369017124,-0.093798920512199,-0.22085699439049,0.14697282016277,-0.061003282666206,0.015925439074636,-0.0803137794137,-0.040090601891279,-0.071434482932091,-0.09993090480566,0.10931150615215,-0.0045671770349145,-0.056019019335508,-0.082621723413467,-0.026278018951416,0.0168596804142,-0.14950905740261,-0.082031235098839,-0.0708097666502,0.018032794818282,-0.17943654954433,-0.10133373737335,0.078203767538071,0.16802750527859,0.081034637987614,-0.044343661516905,-0.048926930874586,0.026260362938046,0.14631374180317,0.086144722998142,-0.060720894485712,0.012035112828016,0.011491072364151,0.0005150101496838,0.06292898952961,-0.02364806830883,-0.080076262354851,-0.13165307044983,0.021338084712625,0.15450945496559,0.077998615801334,-0.10048793256283,-0.018443062901497,0.076891645789146,-0.0033360831439495,0.054996427148581,0.11750461906195,-0.023016147315502,0.070003986358643,-0.11153626441956,0.047609250992537,0.036471541970968,0.20685835182667,0.085417523980141,0.091284848749638,-0.15683124959469,0.061343915760517,0.032468933612108,0.039505761116743,0.055161628872156,0.10472839325666,-0.090776242315769
-0.020436331629753,0.10090040415525,-0.065284922719002,0.094134725630283,0.0032116328366101,0.13656671345234,-0.037666276097298,-0.17006672918797,0.11811148375273,0.040619879961014,0.070177935063839,0.0054257530719042,-0.086011543869972,-0.098358318209648,-0.038534399122,0.039172284305096,0.010772351175547,0.1798001229763,0.010296353138983,-0.099031411111355,0.054329235106707,-0.0055333832278848,-0.10567405819893,0.041765414178371,0.084360085427761,-0.028036398813128,-0.050472620874643,-0.073408290743828,0.017037117853761,0.10446242243052,0.14315538108349,0.15931670367718,-0.022308684885502,0.0032946402207017,0.13818195462227,0.094721131026745,-0.048270311206579,-0.15219646692276,0.072050310671329,-0.10070133209229,-0.02296719327569,-0.071408078074455,0.0055484203621745,0.033346269279718,0.11920557171106,-0.055929031223059,0.030257571488619,0.060514479875565,-0.11516873538494,-0.12933804094791,0.02049002237618,0.048239793628454,0.092142418026924,-0.14532254636288,-0.056820191442966,0.12630470097065,-0.12122744321823,0.036637473851442,-0.084044240415096,0.019830143079162,-0.053514406085014,0.011501155793667,0.15761344134808,-0.13969370722771,0.10799850523472,0.025094723328948,-0.017717277631164,-0.080477900803089,-0.16219614446163,0.16726994514465,-0.028161857277155,-0.01372086815536,-0.090423814952374,-0.084209941327572,-0.1640240997076,-0.083041965961456,0.04888766258955,-0.021732859313488,-0.1267706155777,-0.090328343212605,-0.028607526794076,0.14316913485527,-0.11772803217173,-0.083979658782482,-0.070745266973972,-0.028791259974241,-0.084082134068012,-0.11445596069098,-0.01486471761018,0.12450797110796,0.062197186052799,-0.026739483699203,-0.075448460876942,0.056552208960056,0.13177701830864,0.15267100930214,-0.040797371417284,-0.048469215631485,0.00061558122979477,0.071893639862537,0.085560962557793,-0.032963015139103,-0.11987809836864,-0.090939156711102,0.05092852935195,0.088092550635338,0.088977694511414,-0.14638859033585,-0.036594420671463,0.086972109973431,-0.051343530416489,-0.021916903555393,0.011630916967988,-0.077688038349152,0.1426458209753,-0.083136267960072,-0.015479085035622,-0.040597960352898,0.17020159959793,0.032136328518391,0.11930157244205,-0.087624162435532,0.077635936439037,-0.016148326918483,0.078686609864235,0.072389461100101,0.10364176332951,-0.09349400550127
-0.014526325277984,0.12572954595089,-0.065574698150158,0.075062021613121,-0.011690087616444,0.12602266669273,-0.036909554153681,-0.13283857703209,0.11959405243397,0.030070940032601,0.084503307938576,-0.02915377728641,-0.057876318693161,-0.071051254868507,-0.031323950737715,0.04399286583066,0.025972155854106,0.15477383136749,-0.0066779106855392,-0.076609365642071,0.083123527467251,-0.024811798706651,-0.097715623676777,0.089258134365082,0.08408360928297,-0.054345030337572,-0.027012282982469,-0.053596261888742,0.065056055784225,0.11374361813068,0.14625090360641,0.11050972342491,-0.0028154761530459,0.019306845963001,0.11858259886503,0.10299298167229,-0.037490710616112,-0.11171622574329,0.026100078597665,-0.11804830282927,-0.057057559490204,-0.071971662342548,0.022237583994865,0.070295363664627,0.12840561568737,-0.068614035844803,0.048425376415253,0.076757319271564,-0.12699690461159,-0.10745146870613,-0.0098284957930446,0.035818934440613,0.079528272151947,-0.14499281346798,-0.033363293856382,0.13996347784996,-0.15816394984722,0.066524736583233,-0.057778548449278,-0.042076341807842,-0.078769311308861,-0.0034518190659583,0.1797591894865,-0.14237688481808,0.085012376308441,0.059386055916548,-0.018669631332159,-0.098708219826221,-0.17928577959538,0.14399790763855,-0.050551250576973,-0.036036375910044,-0.096986070275307,-0.097979851067066,-0.13522236049175,-0.10648892819881,0.077753156423569,0.0058534792624414,-0.09576652944088,-0.083322256803513,-0.016626991331577,0.11736781150103,-0.13915733993053,-0.11501476913691,-0.047431424260139,-0.030758019536734,-0.11083479225636,-0.10971134901047,0.025912890210748,0.15358988940716,0.092549569904804,-0.058177758008242,-0.093364983797073,0.042076680809259,0.1585977524519,0.15217699110508,-0.056481096893549,-0.019108217209578,0.0057922820560634,0.060165498405695,0.076988622546196,-0.02874886803329,-0.10921524465084,-0.092802807688713,-0.0028201742097735,0.11334055662155,0.071100451052189,-0.15614812076092,-0.00085439212853089,0.034149337559938,-0.035639986395836,0.014826415106654,-0.003800664562732,-0.055692464113235,0.15496805310249,-0.065674960613251,0.0071073141880333,-0.052261520177126,0.16813139617443,0.049765799194574,0.097661219537258,-0.093452222645283,0.073214530944824,0.019390251487494,0.048700541257858,0.068863168358803,0.11340320110321,-0.10600007325411
