1,data/1490739882/aligned/3/1490740076_2.png
1,data/1490739882/aligned/3/1490740083_2.png
2,data/1490739882/aligned/5/1490740078_1.png
2,data/1490739882/aligned/5/1490740080_0.png
2,data/1490739882/aligned/5/1490740077_0.png
3,data/1490739882/aligned/1/1490739978_0.png
3,data/1490739882/aligned/1/1490739984_1.png
3,data/1490739882/aligned/1/1490739986_0.png
3,data/1490739882/aligned/1/1490739983_0.png
3,data/1490739882/aligned/1/1490739974_0.png
3,data/1490739882/aligned/1/1490739987_0.png
3,data/1490739882/aligned/1/1490739972_0.png
4,data/1490739882/aligned/2/1490740027_1.png
